TITLE,VENUE_TYPE,BEDROOMS,BATHROOMS,SLEEP_CAPACITY,SQUARE_FEET,REVIEW_OVERVIEW,RATING,REVIEW_NUMBER,OWNER,CLEANING_FEE,STATE,CITY,PIC
Bayside treehouse boating yacht,Townhouse,5,1,13,4750,Exceptional.,4.9,86,Kassandra Rodriguez,24,Washington,Port Shaynaburgh,https://c8.alamy.com/comp/EPF1YW/nun-with-handgun-isolated-on-white-EPF1YW.jpg
Lake cabin mansion amazing garden ac/heating,Townhouse,3,2,8,2550,Great bargain.,4.7,210,Retha Cummings,31,Oklahoma,West Lupeshire,https://c8.alamy.com/comp/EPF1YW/nun-with-handgun-isolated-on-white-EPF1YW.jpg
Private house pet-friendly ski resort,Space Station,2,2,6,1810,Exceptional.,4.6,48,Rose Bradtke,48,Colorado,Port Maximilianton,https://c8.alamy.com/comp/EPF1YW/nun-with-handgun-isolated-on-white-EPF1YW.jpg
Large ranch close to downtown great amenities,Condo,3,1,7,2370,Beautiful view.,4.8,66,Jevon Weimann,43,California,Ferryton,https://c8.alamy.com/comp/EPF1YW/nun-with-handgun-isolated-on-white-EPF1YW.jpg
Water front chalet close to village hiking-friendly,Condo,3,2,7,5270,Convenient location.,4.1,174,Madge Rice,58,Mississippi,West Laverna,https://c8.alamy.com/comp/EPF1YW/nun-with-handgun-isolated-on-white-EPF1YW.jpg
Beautiful slope skyloft surf yacht,Beach House,5,1,12,2500,Great.,4,214,Brandt Keebler,57,Mississippi,D'angeloland,https://c8.alamy.com/comp/EPF1YW/nun-with-handgun-isolated-on-white-EPF1YW.jpg
Lakefront rental spa fishing,Apartment,4,1,11,6410,Great bargain.,4.4,42,Odessa Swaniawski,99,Alaska,South Clyde,https://c8.alamy.com/comp/EPF1YW/nun-with-handgun-isolated-on-white-EPF1YW.jpg
Charming house close walk to town game room,Condo,4,3,10,2880,Wonderful.,4.1,143,Dr. Sanford Crist,11,Kentucky,Alessandroberg,https://c8.alamy.com/comp/EPF1YW/nun-with-handgun-isolated-on-white-EPF1YW.jpg
Family-friendly lodge golf resort close walk to beach,Condo,2,1,6,3510,Great bargain.,4,73,Chester Kemmer,75,Kansas,Port Cristalville,https://c8.alamy.com/comp/EPF1YW/nun-with-handgun-isolated-on-white-EPF1YW.jpg
Colonial condo backyard wilderness spa,House,1,1,4,2540,Great.,4.4,135,Justus Abernathy,65,Oklahoma,East Forest,https://c8.alamy.com/comp/EPF1YW/nun-with-handgun-isolated-on-white-EPF1YW.jpg
Lux cabin close to downtown surf,Townhouse,1,1,5,4250,Great bargain.,4.3,139,Patsy Mohr,33,South Dakota,Rebeccaberg,https://c8.alamy.com/comp/EPF1YW/nun-with-handgun-isolated-on-white-EPF1YW.jpg
Skyline view apartment pool hot tub,Tree House,4,2,10,1350,Good ammenities.,4.9,65,Jana Weissnat,56,Indiana,Johnsberg,https://c8.alamy.com/comp/EPF1YW/nun-with-handgun-isolated-on-white-EPF1YW.jpg
Victorian resort pet-friendly fooseball,Apartment,5,2,12,2120,Wonderful.,4.2,34,Cassie Kuhlman,76,Kansas,Ladariusville,https://c8.alamy.com/comp/EPF1YW/nun-with-handgun-isolated-on-white-EPF1YW.jpg
Scenic treehouse close to village gated community,Tree House,1,3,5,1610,Great bargain.,4.3,103,Kelli Hoppe,99,Arkansas,Kaydenfurt,https://c8.alamy.com/comp/EPF1YW/nun-with-handgun-isolated-on-white-EPF1YW.jpg
Total remodel cottage gated community pool,Space Station,1,3,5,6620,Spectacular views.,4.2,37,Erling Kohler DVM,38,North Carolina,Lake Estellafort,https://c8.alamy.com/comp/EPF1YW/nun-with-handgun-isolated-on-white-EPF1YW.jpg
Mirror room lakehouse ski resort spa,Space Station,3,3,7,3320,Good for families.,4.4,138,Ms. Hulda Walker,105,Tennessee,Lake Theodoraview,https://c8.alamy.com/comp/EPF1YW/nun-with-handgun-isolated-on-white-EPF1YW.jpg
Executive mountain condo close walk to beach ski resort,Apartment,1,3,4,5800,Exceptional.,4.1,46,Chloe Barton,90,Pennsylvania,Anastacioview,https://c8.alamy.com/comp/EPF1YW/nun-with-handgun-isolated-on-white-EPF1YW.jpg
Dream retreat cottage surrounded by woods close walk to beach,Space Station,4,2,11,4130,Beautiful view.,4.9,119,Wilhelmine Thiel,84,Texas,Paulshire,https://c8.alamy.com/comp/EPF1YW/nun-with-handgun-isolated-on-white-EPF1YW.jpg
Great escape estate bicycles fooseball,Space Station,5,2,12,4100,Convenient location.,4.8,121,Emelie Wolf,102,Nevada,O'Konfurt,https://c8.alamy.com/comp/EPF1YW/nun-with-handgun-isolated-on-white-EPF1YW.jpg
Gorgeous modern lodging ski resort jacuzzi,Apartment,4,1,9,4970,Exceptional.,4.4,70,Leonor Baumbach,11,Indiana,North Blakefort,https://c8.alamy.com/comp/EPF1YW/nun-with-handgun-isolated-on-white-EPF1YW.jpg
Palm log home spa close to village,Townhouse,4,2,9,2790,Spectacular views.,4.5,37,Donna Brakus MD,77,Michigan,Port Reinaton,https://c8.alamy.com/comp/EPF1YW/nun-with-handgun-isolated-on-white-EPF1YW.jpg
Magnificent ranch surf hiking-friendly,Townhouse,4,3,11,3880,Good ammenities.,4.3,113,Gregg Carter,20,Wisconsin,Kassulkeside,https://c8.alamy.com/comp/EPF1YW/nun-with-handgun-isolated-on-white-EPF1YW.jpg
Redwood retreat skyloft close walk to beach amazing garden,Condo,1,3,3,1710,Wonderful.,4,192,Mrs. Melvin Weber,98,Oklahoma,North Cassandrefort,https://c8.alamy.com/comp/EPF1YW/nun-with-handgun-isolated-on-white-EPF1YW.jpg
Immaculate castle fishing backyard wilderness,Condo,4,2,10,5850,Exceptional.,4,83,Charlene Mohr,107,Tennessee,West Malika,https://c8.alamy.com/comp/EPF1YW/nun-with-handgun-isolated-on-white-EPF1YW.jpg
Estes mountain guesthouse boating gated community,Space Station,5,2,13,4420,Beautiful view.,4.7,204,Dario Denesik,80,New Mexico,New Ezequiel,https://c8.alamy.com/comp/EPF1YW/nun-with-handgun-isolated-on-white-EPF1YW.jpg
Perfect getaway castle ski resort fishing,Condo,3,1,9,5380,Good for families.,4.6,144,Estefania Stroman,60,New Jersey,Schaeferburgh,https://c8.alamy.com/comp/EPF1YW/nun-with-handgun-isolated-on-white-EPF1YW.jpg
Beautiful winter lodge hiking-friendly close to village,Townhouse,4,2,10,6160,Great.,4.2,212,Mia Moen,16,Michigan,Willyfort,https://c8.alamy.com/comp/EPF1YW/nun-with-handgun-isolated-on-white-EPF1YW.jpg
Spacious lodge hiking-friendly family-friendly,Tree House,2,3,6,3120,Great find.,4.8,148,Dannie Olson,32,Virginia,Jesusstad,https://c8.alamy.com/comp/EPF1YW/nun-with-handgun-isolated-on-white-EPF1YW.jpg
Greek house bicycles pool,Tree House,5,1,12,4650,Good ammenities.,4.6,82,Laurence Corwin,70,New York,Melvinfurt,https://c8.alamy.com/comp/EPF1YW/nun-with-handgun-isolated-on-white-EPF1YW.jpg
Historical chalet backyard wilderness ski resort,Space Station,2,1,7,3490,Great.,4.5,173,Darron Cartwright,20,Utah,East Cassieville,https://c8.alamy.com/comp/EPF1YW/nun-with-handgun-isolated-on-white-EPF1YW.jpg
Panoramic ocean view mansion spa surrounded by woods,Condo,5,2,12,4160,Wonderful.,4.2,40,Hassan Carroll,75,New Hampshire,East Solonside,https://c8.alamy.com/comp/EPF1YW/nun-with-handgun-isolated-on-white-EPF1YW.jpg
Posh skyloft fooseball close walk to beach,Beach House,3,1,9,6930,Beautiful view.,4.7,189,Mateo Hyatt,24,Kansas,New Kennethview,https://c8.alamy.com/comp/EPF1YW/nun-with-handgun-isolated-on-white-EPF1YW.jpg
At the water edge house boating fooseball,Tree House,5,1,13,1610,Very good.,4.2,113,Alanna Hagenes,84,Texas,North Lee,https://c8.alamy.com/comp/EPF1YW/nun-with-handgun-isolated-on-white-EPF1YW.jpg
Dream guesthouse house ac/heating close to village,Tree House,5,3,13,4280,Excellent.,4.8,137,Moriah Schroeder,108,Utah,Mckaylatown,https://c8.alamy.com/comp/EPF1YW/nun-with-handgun-isolated-on-white-EPF1YW.jpg
Relaxing river condo close walk to beach spa,Condo,3,3,9,5500,Very good.,4.1,111,Ebony Nolan,40,New Jersey,Greenchester,https://c8.alamy.com/comp/EPF1YW/nun-with-handgun-isolated-on-white-EPF1YW.jpg
Fall views lakehouse great amenities fishing,Townhouse,2,3,7,6140,Excellent.,4.6,167,Alisha Koch,62,Arkansas,Schusterhaven,https://c8.alamy.com/comp/EPF1YW/nun-with-handgun-isolated-on-white-EPF1YW.jpg
Enchanting loft bicycles fooseball,House,2,1,7,5970,Exceptional.,4.9,31,Winnifred Eichmann,23,Tennessee,West Sydneetown,https://c8.alamy.com/comp/EPF1YW/nun-with-handgun-isolated-on-white-EPF1YW.jpg
Luxury loft fooseball golf resort,Apartment,1,2,5,4240,Exceptional.,4.4,185,Mekhi Dooley I,33,California,North Wilsonchester,https://c8.alamy.com/comp/EPF1YW/nun-with-handgun-isolated-on-white-EPF1YW.jpg
Lux loft amazing garden surf,Condo,5,2,11,5670,Spectacular views.,4.3,68,Dr. Joanny Wehner,48,Kansas,Pollyton,https://c8.alamy.com/comp/EPF1YW/nun-with-handgun-isolated-on-white-EPF1YW.jpg
Perfect nest condo surrounded by woods pool,Space Station,1,2,5,5700,Great find.,4.6,31,Layla Aufderhar,28,Wyoming,Isabellestad,https://c8.alamy.com/comp/EPF1YW/nun-with-handgun-isolated-on-white-EPF1YW.jpg
Stunning manor game room jacuzzi,House,2,2,5,4830,Excellent.,4.7,72,Mekhi Huels,39,California,South Ramonaport,https://c8.alamy.com/comp/EPF1YW/nun-with-handgun-isolated-on-white-EPF1YW.jpg
Summer views house trampoline fooseball,Condo,2,2,7,1090,Great bargain.,4.9,87,Sammie Beier,22,Michigan,Alethatown,https://c8.alamy.com/comp/EPF1YW/nun-with-handgun-isolated-on-white-EPF1YW.jpg
Winter views chalet fishing close to downtown,Townhouse,4,3,10,3910,Beautiful view.,4.1,138,Olin Marvin,75,Massachusetts,North Cullenton,https://c8.alamy.com/comp/EPF1YW/nun-with-handgun-isolated-on-white-EPF1YW.jpg
Gulf front manor trampoline amazing garden,House,1,2,4,2040,Great find.,4.1,183,Wilfred Ruecker,93,Maryland,Port Juliannehaven,https://c8.alamy.com/comp/EPF1YW/nun-with-handgun-isolated-on-white-EPF1YW.jpg
Quiet lakehouse amazing garden golf resort,House,3,2,9,5300,Good ammenities.,4.8,31,Keeley Treutel,46,Louisiana,North Christophe,https://c8.alamy.com/comp/EPF1YW/nun-with-handgun-isolated-on-white-EPF1YW.jpg
Wild dunes cottage bicycles hiking-friendly,Condo,2,3,7,4760,Good ammenities.,4.5,88,Elton Hamill,47,Maine,Hammesbury,https://c8.alamy.com/comp/EPF1YW/nun-with-handgun-isolated-on-white-EPF1YW.jpg
Chic log home jacuzzi game room,Space Station,3,1,9,6110,Beautiful view.,4.8,184,Mr. Gisselle Tromp,91,Idaho,Carafort,https://c8.alamy.com/comp/EPF1YW/nun-with-handgun-isolated-on-white-EPF1YW.jpg
Redwood retreat country house pet-friendly ac/heating,Townhouse,1,1,4,5360,Beautiful view.,4.7,108,Charlotte Sawayn,10,Vermont,West Jermainland,https://c8.alamy.com/comp/EPF1YW/nun-with-handgun-isolated-on-white-EPF1YW.jpg
Private pool chalet amazing garden golf resort,House,1,3,5,3090,Spectacular views.,4.9,86,Vladimir Smitham,27,Iowa,McClureside,https://c8.alamy.com/comp/EPF1YW/nun-with-handgun-isolated-on-white-EPF1YW.jpg
Breathtaking treehouse great amenities surrounded by woods,Apartment,3,1,9,2700,Great bargain.,4.4,145,Reuben Rice,107,Connecticut,Fernside,https://c8.alamy.com/comp/EPF1YW/nun-with-handgun-isolated-on-white-EPF1YW.jpg
Private manor hot tub close walk to beach,Townhouse,4,1,9,6740,Great bargain.,4.5,113,Soledad Green,38,Kentucky,Haagport,https://c8.alamy.com/comp/EPF1YW/nun-with-handgun-isolated-on-white-EPF1YW.jpg
Artistic manor trampoline ski resort,Townhouse,4,2,10,4410,Wonderful.,4.1,168,Freida Dicki,109,Utah,Darrellport,https://c8.alamy.com/comp/EPF1YW/nun-with-handgun-isolated-on-white-EPF1YW.jpg
Breathtaking castle gourmet kitchen spa,House,3,1,9,5370,Great find.,4.5,80,Kody Ullrich,68,Massachusetts,Kleinfurt,https://c8.alamy.com/comp/EPF1YW/nun-with-handgun-isolated-on-white-EPF1YW.jpg
Beautiful cottage amazing garden hot tub,Townhouse,2,1,7,1960,Good for families.,4.6,171,Sierra Schuster,22,Florida,North Beulahfort,https://c8.alamy.com/comp/EPF1YW/nun-with-handgun-isolated-on-white-EPF1YW.jpg
Southwest lodge golf resort family-friendly,Townhouse,1,3,3,3460,Beautiful view.,4.5,39,Geoffrey Hyatt,108,Colorado,East Phoebe,https://c8.alamy.com/comp/EPF1YW/nun-with-handgun-isolated-on-white-EPF1YW.jpg
Palm mansion ac/heating close to downtown,Tree House,3,3,8,3670,Great bargain.,4.7,122,Rodrick Rath,22,Maryland,Lake Brantfurt,https://c8.alamy.com/comp/EPF1YW/nun-with-handgun-isolated-on-white-EPF1YW.jpg
Paradise house close walk to beach close to downtown,House,5,1,13,5480,Good ammenities.,4.7,89,Kayden Hermiston,59,Nebraska,Port Hunterview,https://c8.alamy.com/comp/EPF1YW/nun-with-handgun-isolated-on-white-EPF1YW.jpg
Beach bungalow condo family-friendly yacht,House,2,3,7,4220,Good ammenities.,4.8,27,Roma Erdman,96,Georgia,Brendachester,https://c8.alamy.com/comp/EPF1YW/nun-with-handgun-isolated-on-white-EPF1YW.jpg
Vintage home pet-friendly trampoline,Townhouse,5,1,13,2050,Excellent.,4.1,121,Kristy Kuvalis,36,Kentucky,Lake Marleeburgh,https://c8.alamy.com/comp/EPF1YW/nun-with-handgun-isolated-on-white-EPF1YW.jpg
Breathtaking house close walk to town gated community,Beach House,3,2,9,2650,Good ammenities.,4,185,Jaida Herzog,81,Ohio,New Deonview,https://c8.alamy.com/comp/EPF1YW/nun-with-handgun-isolated-on-white-EPF1YW.jpg
Cage winter lodge jacuzzi close walk to beach,Apartment,5,1,11,5110,Good for families.,4,36,Tristian Bernhard,44,Maine,Littleborough,https://c8.alamy.com/comp/EPF1YW/nun-with-handgun-isolated-on-white-EPF1YW.jpg
Estes mountain apartment hiking-friendly surf,Condo,4,1,10,1360,Spectacular views.,4.1,150,Raphaelle Lesch,52,North Carolina,South Odieside,https://c8.alamy.com/comp/EPF1YW/nun-with-handgun-isolated-on-white-EPF1YW.jpg
Beautiful contemporary treehouse jacuzzi fooseball,House,5,3,13,3600,Great bargain.,4.8,99,Maegan Langosh,60,California,Annaliseborough,https://c8.alamy.com/comp/EPF1YW/nun-with-handgun-isolated-on-white-EPF1YW.jpg
Scenic chalet ski resort ac/heating,Townhouse,3,1,7,2190,Beautiful view.,4.6,133,Chet Dach,44,Vermont,Toyport,https://c8.alamy.com/comp/EPF1YW/nun-with-handgun-isolated-on-white-EPF1YW.jpg
Hidden skyloft ski resort yacht,House,3,1,9,2200,Great bargain.,4,186,Kara Schumm,10,Florida,New Vada,https://c8.alamy.com/comp/EPF1YW/nun-with-handgun-isolated-on-white-EPF1YW.jpg
Island style resort fooseball amazing garden,Townhouse,5,1,11,2370,Good ammenities.,4.3,81,Mrs. Rashawn Crooks,37,Alaska,East Matteofort,https://c8.alamy.com/comp/EPF1YW/nun-with-handgun-isolated-on-white-EPF1YW.jpg
Jet luxury house jacuzzi close to downtown,Beach House,1,1,3,6520,Convenient location.,4,190,Scotty VonRueden,70,Vermont,Tyraberg,https://c8.alamy.com/comp/EPF1YW/nun-with-handgun-isolated-on-white-EPF1YW.jpg
Centrally located summer home fishing boating,House,1,2,5,5160,Convenient location.,4.4,67,Delphine Jones,63,Wisconsin,Smithamborough,https://c8.alamy.com/comp/EPF1YW/nun-with-handgun-isolated-on-white-EPF1YW.jpg
Water front chalet gourmet kitchen ac/heating,House,5,2,11,3440,Wonderful.,4.8,94,Allen Davis,14,Connecticut,West Lambert,https://c8.alamy.com/comp/EPF1YW/nun-with-handgun-isolated-on-white-EPF1YW.jpg
Resort condo gourmet kitchen close walk to beach,Beach House,1,2,3,5380,Great bargain.,4.1,214,Mr. Winona Carter,63,Colorado,Dorotheafort,https://c8.alamy.com/comp/EPF1YW/nun-with-handgun-isolated-on-white-EPF1YW.jpg
Total remodel country house hot tub surrounded by woods,Condo,1,1,4,1060,Spectacular views.,4.4,30,Javon Hammes,42,Michigan,New Talia,https://c8.alamy.com/comp/EPF1YW/nun-with-handgun-isolated-on-white-EPF1YW.jpg
Cowell beach log home golf resort backyard wilderness,House,3,3,7,6610,Exceptional.,4,33,Clarabelle Morar,38,Minnesota,Port Durwardville,https://c8.alamy.com/comp/EPF1YW/nun-with-handgun-isolated-on-white-EPF1YW.jpg
Sex dungeon manor close to village pool,Condo,5,1,11,1130,Beautiful view.,4.9,48,Bernhard Wolf,43,West Virginia,South Mateo,https://c8.alamy.com/comp/EPF1YW/nun-with-handgun-isolated-on-white-EPF1YW.jpg
New guesthouse ski resort game room,House,2,1,5,3360,Spectacular views.,4.4,80,Jackeline Stracke,84,Hawaii,Jacobsonborough,https://c8.alamy.com/comp/EPF1YW/nun-with-handgun-isolated-on-white-EPF1YW.jpg
Upscale house jacuzzi ski resort,House,3,3,8,6250,Great bargain.,4.1,122,Helmer Wunsch,91,Iowa,North Darrenshire,https://c8.alamy.com/comp/EPF1YW/nun-with-handgun-isolated-on-white-EPF1YW.jpg
Southwest resort surf amazing garden,Tree House,4,1,9,6330,Beautiful view.,4.2,172,Dr. Broderick Rempel,98,New Mexico,Port Ansley,https://c8.alamy.com/comp/EPF1YW/nun-with-handgun-isolated-on-white-EPF1YW.jpg
Mountain lookout log home surf pool,Tree House,1,3,3,2070,Good ammenities.,4.2,108,Hattie Walter PhD,25,Michigan,West Reyton,https://c8.alamy.com/comp/EPF1YW/nun-with-handgun-isolated-on-white-EPF1YW.jpg
Island style skyloft great amenities close to downtown,Beach House,1,2,4,3800,Wonderful.,4.7,23,Gideon Labadie,43,Kentucky,McClureland,https://c8.alamy.com/comp/EPF1YW/nun-with-handgun-isolated-on-white-EPF1YW.jpg
Estes mountain guesthouse gourmet kitchen hiking-friendly,House,4,2,10,1700,Good for families.,4.4,28,Wendell Swift,62,Maryland,Port Burleybury,https://c8.alamy.com/comp/EPF1YW/nun-with-handgun-isolated-on-white-EPF1YW.jpg
Relaxing ranch gated community amazing garden,Beach House,5,1,12,4160,Wonderful.,4.6,35,Hal Jakubowski,10,North Dakota,Port Audie,https://c8.alamy.com/comp/EPF1YW/nun-with-handgun-isolated-on-white-EPF1YW.jpg
Colonial estate backyard wilderness trampoline,Apartment,4,1,10,6980,Convenient location.,4.2,148,Mariela Frami,60,North Carolina,Port Deangeloville,https://c8.alamy.com/comp/EPF1YW/nun-with-handgun-isolated-on-white-EPF1YW.jpg
Castle loft boating close to village,Space Station,4,3,9,6390,Wonderful.,4.4,98,Eleonore Crona,61,North Carolina,Schadentown,https://c8.alamy.com/comp/EPF1YW/nun-with-handgun-isolated-on-white-EPF1YW.jpg
Skyline view chalet close to downtown close walk to beach,Tree House,1,1,4,3270,Good ammenities.,4.9,150,Kenyon Sipes,47,Tennessee,Thaliashire,https://c8.alamy.com/comp/EPF1YW/nun-with-handgun-isolated-on-white-EPF1YW.jpg
Classic treehouse bicycles jacuzzi,Townhouse,1,3,5,4950,Exceptional.,4.2,45,Maci Beier,64,Oregon,Corkerychester,https://c8.alamy.com/comp/EPF1YW/nun-with-handgun-isolated-on-white-EPF1YW.jpg
Perfect getaway country house bicycles hot tub,Beach House,3,1,9,3780,Beautiful view.,4.4,60,Samanta Renner,109,Vermont,Port Alycia,https://c8.alamy.com/comp/EPF1YW/nun-with-handgun-isolated-on-white-EPF1YW.jpg
Classic cottage close walk to beach golf resort,Tree House,1,2,3,5580,Good for families.,4.2,162,Brannon Bogisich,77,South Dakota,Violetteside,https://c8.alamy.com/comp/EPF1YW/nun-with-handgun-isolated-on-white-EPF1YW.jpg
Hidden treehouse trampoline close to downtown,Beach House,1,2,3,3870,Great.,4,171,Amie D'Amore,23,Oregon,Jordiport,https://c8.alamy.com/comp/EPF1YW/nun-with-handgun-isolated-on-white-EPF1YW.jpg
Total remodel log home pool gourmet kitchen,Tree House,3,2,8,1290,Spectacular views.,4.5,47,Lew Streich,90,Montana,Lake Makennafort,https://c8.alamy.com/comp/EPF1YW/nun-with-handgun-isolated-on-white-EPF1YW.jpg
Paradise log home bicycles yacht,Townhouse,3,2,7,6660,Excellent.,4,124,Mrs. Callie Purdy,89,West Virginia,Port Sheridanburgh,https://c8.alamy.com/comp/EPF1YW/nun-with-handgun-isolated-on-white-EPF1YW.jpg
Large country house bicycles bicycles,Condo,3,2,8,2970,Good ammenities.,4,45,Mrs. Darlene Davis,77,Kansas,Port Waldo,https://c8.alamy.com/comp/EPF1YW/nun-with-handgun-isolated-on-white-EPF1YW.jpg
Fall views lodging boating close walk to beach,Condo,1,3,5,4670,Great.,4.3,72,Naomie Abernathy,15,Ohio,Kohlerstad,https://c8.alamy.com/comp/EPF1YW/nun-with-handgun-isolated-on-white-EPF1YW.jpg
Summer breezes house amazing garden backyard wilderness,Townhouse,5,1,11,5410,Convenient location.,4.4,16,Lempi Kohler,109,Ohio,East Hulda,https://c8.alamy.com/comp/EPF1YW/nun-with-handgun-isolated-on-white-EPF1YW.jpg
Rustic ranch great amenities boating,Townhouse,2,1,6,2170,Exceptional.,4.7,111,Eliza Murray II,38,New Mexico,Lake Kalefort,https://c8.alamy.com/comp/EPF1YW/nun-with-handgun-isolated-on-white-EPF1YW.jpg
Absolutely gorgeous rental ac/heating close walk to beach,Space Station,4,3,9,5110,Great find.,4.9,76,Dr. Florida Feeney,15,Idaho,New Mireille,https://c8.alamy.com/comp/EPF1YW/nun-with-handgun-isolated-on-white-EPF1YW.jpg
Perfect & affordable resort fishing surf,Apartment,1,3,5,4850,Good for families.,4.9,76,Mose Legros,97,Nevada,Lloydfurt,https://c8.alamy.com/comp/EPF1YW/nun-with-handgun-isolated-on-white-EPF1YW.jpg
Spring views treehouse gated community close walk to beach,Tree House,4,2,10,6780,Very good.,4.1,77,Jasmin Deckow,91,Nevada,West Charlesburgh,https://c8.alamy.com/comp/EPF1YW/nun-with-handgun-isolated-on-white-EPF1YW.jpg
Perfect getaway lakehouse spa pet-friendly,Beach House,2,3,7,5240,Convenient location.,4.9,158,Myrl Ratke,51,Wyoming,Brennonberg,https://c8.alamy.com/comp/EPF1YW/nun-with-handgun-isolated-on-white-EPF1YW.jpg
Relaxing river manor jacuzzi trampoline,House,2,3,7,1360,Good for families.,4.5,188,Celine Goodwin,107,Alaska,West Alexanefort,https://c8.alamy.com/comp/EPF1YW/nun-with-handgun-isolated-on-white-EPF1YW.jpg
Pine cone apartment amazing garden great amenities,Beach House,1,2,3,1230,Great.,4.6,66,Waldo Kertzmann,35,New York,South Simhaven,https://c8.alamy.com/comp/EPF1YW/nun-with-handgun-isolated-on-white-EPF1YW.jpg
Newly remodeled mansion backyard wilderness ac/heating,Condo,4,3,11,6990,Beautiful view.,4.7,160,Tavares Kuphal,106,New Hampshire,New Preciousland,https://c8.alamy.com/comp/EPF1YW/nun-with-handgun-isolated-on-white-EPF1YW.jpg
